[
  {
    "timestamp": "2023-05-11T19:44:42.542Z",
    "design": {
      "colors": [
        {
          "type": "add",
          "object": {
            "name": "Wild",
            "group": "primary",
            "value": "linear-gradient(180deg, rgba(0, 0, 0, 0.2), rgba(0, 0, 0, 0.2)), #ff0000",
            "blend": "luminosity, normal",
            "sass": "$color-primary-wild",
            "machineName": "wild"
          }
        },
        {
          "type": "add",
          "object": {
            "name": "Blue - darker",
            "group": "primary",
            "value": "#0f69c1",
            "blend": "normal",
            "sass": "$color-primary-blue-darker",
            "machineName": "blue-darker"
          }
        },
        {
          "type": "add",
          "object": {
            "name": "Purple",
            "group": "secondary",
            "value": "#4c34b6",
            "blend": "normal",
            "sass": "$color-secondary-purple",
            "machineName": "purple"
          }
        },
        {
          "type": "add",
          "object": {
            "name": "Info",
            "group": "extra",
            "value": "#307abf",
            "blend": "normal",
            "sass": "$color-extra-info",
            "machineName": "info"
          }
        },
        {
          "type": "add",
          "object": {
            "name": "Success",
            "group": "extra",
            "value": "#198754",
            "blend": "normal",
            "sass": "$color-extra-success",
            "machineName": "success"
          }
        },
        {
          "type": "add",
          "object": {
            "name": "Info - darker",
            "group": "extra",
            "value": "#286aa7",
            "blend": "normal",
            "sass": "$color-extra-info-darker",
            "machineName": "info-darker"
          }
        },
        {
          "type": "add",
          "object": {
            "name": "Info - lighter",
            "group": "extra",
            "value": "#4a98e0",
            "blend": "normal",
            "sass": "$color-extra-info-lighter",
            "machineName": "info-lighter"
          }
        },
        {
          "type": "add",
          "object": {
            "name": "Success - darker",
            "group": "extra",
            "value": "#167b4c",
            "blend": "normal",
            "sass": "$color-extra-success-darker",
            "machineName": "success-darker"
          }
        },
        {
          "type": "add",
          "object": {
            "name": "Success - lighter",
            "group": "extra",
            "value": "#2fa870",
            "blend": "normal",
            "sass": "$color-extra-success-lighter",
            "machineName": "success-lighter"
          }
        },
        {
          "type": "add",
          "object": {
            "name": "Warning",
            "group": "extra",
            "value": "#ffc107",
            "blend": "normal",
            "sass": "$color-extra-warning",
            "machineName": "warning"
          }
        },
        {
          "type": "add",
          "object": {
            "name": "Warning - darker",
            "group": "extra",
            "value": "#e0aa09",
            "blend": "normal",
            "sass": "$color-extra-warning-darker",
            "machineName": "warning-darker"
          }
        },
        {
          "type": "add",
          "object": {
            "name": "Warning - lighter",
            "group": "extra",
            "value": "#ffce39",
            "blend": "normal",
            "sass": "$color-extra-warning-lighter",
            "machineName": "warning-lighter"
          }
        },
        {
          "type": "add",
          "object": {
            "name": "Danger",
            "group": "extra",
            "value": "#dc3545",
            "blend": "normal",
            "sass": "$color-extra-danger",
            "machineName": "danger"
          }
        },
        {
          "type": "add",
          "object": {
            "name": "Danger - darker",
            "group": "extra",
            "value": "#c32b3a",
            "blend": "normal",
            "sass": "$color-extra-danger-darker",
            "machineName": "danger-darker"
          }
        },
        {
          "type": "add",
          "object": {
            "name": "Danger - lighter",
            "group": "extra",
            "value": "#f35d6c",
            "blend": "normal",
            "sass": "$color-extra-danger-lighter",
            "machineName": "danger-lighter"
          }
        },
        {
          "type": "add",
          "object": {
            "name": "Hard",
            "group": "text",
            "value": "#000000",
            "blend": "normal",
            "sass": "$color-text-hard",
            "machineName": "hard"
          }
        },
        {
          "type": "add",
          "object": {
            "name": "Base",
            "group": "text",
            "value": "rgba(0, 0, 0, 0.8)",
            "blend": "normal",
            "sass": "$color-text-base",
            "machineName": "base"
          }
        },
        {
          "type": "add",
          "object": {
            "name": "Soft",
            "group": "text",
            "value": "#555555",
            "blend": "normal",
            "sass": "$color-text-soft",
            "machineName": "soft"
          }
        },
        {
          "type": "add",
          "object": {
            "name": "Muted",
            "group": "text",
            "value": "#777777",
            "blend": "normal",
            "sass": "$color-text-muted",
            "machineName": "muted"
          }
        },
        {
          "type": "add",
          "object": {
            "name": "Hard [invert]",
            "group": "text",
            "value": "#ffffff",
            "blend": "normal",
            "sass": "$color-text-hard-invert",
            "machineName": "hard-invert"
          }
        },
        {
          "type": "add",
          "object": {
            "name": "Base [invert]",
            "group": "text",
            "value": "rgba(255, 255, 255, 0.85)",
            "blend": "normal",
            "sass": "$color-text-base-invert",
            "machineName": "base-invert"
          }
        },
        {
          "type": "add",
          "object": {
            "name": "Soft [invert]",
            "group": "text",
            "value": "rgba(255, 255, 255, 0.65)",
            "blend": "normal",
            "sass": "$color-text-soft-invert",
            "machineName": "soft-invert"
          }
        },
        {
          "type": "add",
          "object": {
            "name": "Muted [invert]",
            "group": "text",
            "value": "rgba(255, 255, 255, 0.45)",
            "blend": "normal",
            "sass": "$color-text-muted-invert",
            "machineName": "muted-invert"
          }
        },
        {
          "type": "add",
          "object": {
            "name": "White",
            "group": "neutral",
            "value": "#ffffff",
            "blend": "normal",
            "sass": "$color-neutral-white",
            "machineName": "white"
          }
        },
        {
          "type": "add",
          "object": {
            "name": "Gray 100",
            "group": "neutral",
            "value": "#f8f8f8",
            "blend": "normal",
            "sass": "$color-neutral-gray-100",
            "machineName": "gray-100"
          }
        },
        {
          "type": "add",
          "object": {
            "name": "Blue - lighter",
            "group": "primary",
            "value": "#309cff",
            "blend": "normal",
            "sass": "$color-primary-blue-lighter",
            "machineName": "blue-lighter"
          }
        },
        {
          "type": "add",
          "object": {
            "name": "Awesome Gradient",
            "group": "primary",
            "value": "linear-gradient(180deg, rgba(0, 0, 0, 0.2), rgba(0, 0, 0, 0.2)), linear-gradient(90deg, rgba(37, 140, 242) 4.33%, rgba(242, 37, 37, 0.56) 29.96%, rgba(37, 242, 70) 63.16%)",
            "blend": "normal, normal",
            "sass": "$color-primary-awesome-gradient",
            "machineName": "awesome-gradient"
          }
        },
        {
          "type": "add",
          "object": {
            "name": "Purple - darker",
            "group": "secondary",
            "value": "#3b2794",
            "blend": "normal",
            "sass": "$color-secondary-purple-darker",
            "machineName": "purple-darker"
          }
        },
        {
          "type": "add",
          "object": {
            "name": "Purple - lighter",
            "group": "secondary",
            "value": "#7158dd",
            "blend": "normal",
            "sass": "$color-secondary-purple-lighter",
            "machineName": "purple-lighter"
          }
        },
        {
          "type": "add",
          "object": {
            "name": "Gradient test",
            "group": "border",
            "value": "linear-gradient(180deg, rgba(194, 37, 94) 0%, rgba(27, 172, 204) 100%), #d9d9d9",
            "blend": "normal, normal",
            "sass": "$color-border-gradient-test",
            "machineName": "gradient-test"
          }
        },
        {
          "type": "add",
          "object": {
            "name": "Dark",
            "group": "border",
            "value": "#b3b3b3",
            "blend": "normal",
            "sass": "$color-border-dark",
            "machineName": "dark"
          }
        },
        {
          "type": "add",
          "object": {
            "name": "Darker",
            "group": "border",
            "value": "#929292",
            "blend": "normal",
            "sass": "$color-border-darker",
            "machineName": "darker"
          }
        },
        {
          "type": "add",
          "object": {
            "name": "Darkest",
            "group": "border",
            "value": "rgba(0, 0, 0, 0.6)",
            "blend": "normal",
            "sass": "$color-border-darkest",
            "machineName": "darkest"
          }
        },
        {
          "type": "add",
          "object": {
            "name": "Invert",
            "group": "border",
            "value": "rgba(200.00000327825546, 200.00000327825546, 200.00000327825546, 0.2)",
            "blend": "normal",
            "sass": "$color-border-invert",
            "machineName": "invert"
          }
        },
        {
          "type": "add",
          "object": {
            "name": "Light",
            "group": "border",
            "value": "rgba(200.00000327825546, 200.00000327825546, 200.00000327825546, 0.4)",
            "blend": "normal",
            "sass": "$color-border-light",
            "machineName": "light"
          }
        },
        {
          "type": "add",
          "object": {
            "name": "Lighter",
            "group": "border",
            "value": "rgba(255, 255, 255, 0.4)",
            "blend": "normal",
            "sass": "$color-border-lighter",
            "machineName": "lighter"
          }
        },
        {
          "type": "add",
          "object": {
            "name": "Lightest",
            "group": "border",
            "value": "rgba(255, 255, 255, 0.75)",
            "blend": "normal",
            "sass": "$color-border-lightest",
            "machineName": "lightest"
          }
        },
        {
          "type": "add",
          "object": {
            "name": "Base",
            "group": "border",
            "value": "#e8e8e8",
            "blend": "normal",
            "sass": "$color-border-base",
            "machineName": "base"
          }
        },
        {
          "type": "add",
          "object": {
            "name": "Blue",
            "group": "secondary",
            "value": "#134872",
            "blend": "normal",
            "sass": "$color-secondary-blue",
            "machineName": "blue"
          }
        },
        {
          "type": "add",
          "object": {
            "name": "Blue - darker",
            "group": "secondary",
            "value": "#103e62",
            "blend": "normal",
            "sass": "$color-secondary-blue-darker",
            "machineName": "blue-darker"
          }
        },
        {
          "type": "add",
          "object": {
            "name": "Blue - lighter",
            "group": "secondary",
            "value": "#2e6a99",
            "blend": "normal",
            "sass": "$color-secondary-blue-lighter",
            "machineName": "blue-lighter"
          }
        },
        {
          "type": "add",
          "object": {
            "name": "Gray 200",
            "group": "neutral",
            "value": "#e5e5e5",
            "blend": "normal",
            "sass": "$color-neutral-gray-200",
            "machineName": "gray-200"
          }
        },
        {
          "type": "add",
          "object": {
            "name": "Gray 300",
            "group": "neutral",
            "value": "#cccccc",
            "blend": "normal",
            "sass": "$color-neutral-gray-300",
            "machineName": "gray-300"
          }
        },
        {
          "type": "add",
          "object": {
            "name": "Gray 400",
            "group": "neutral",
            "value": "#aaaaaa",
            "blend": "normal",
            "sass": "$color-neutral-gray-400",
            "machineName": "gray-400"
          }
        },
        {
          "type": "add",
          "object": {
            "name": "Gray 500",
            "group": "neutral",
            "value": "#888888",
            "blend": "normal",
            "sass": "$color-neutral-gray-500",
            "machineName": "gray-500"
          }
        },
        {
          "type": "add",
          "object": {
            "name": "Gray 600",
            "group": "neutral",
            "value": "#6e6e6e",
            "blend": "normal",
            "sass": "$color-neutral-gray-600",
            "machineName": "gray-600"
          }
        },
        {
          "type": "add",
          "object": {
            "name": "Gray 700",
            "group": "neutral",
            "value": "#555555",
            "blend": "normal",
            "sass": "$color-neutral-gray-700",
            "machineName": "gray-700"
          }
        },
        {
          "type": "add",
          "object": {
            "name": "Gray 800",
            "group": "neutral",
            "value": "#333333",
            "blend": "normal",
            "sass": "$color-neutral-gray-800",
            "machineName": "gray-800"
          }
        },
        {
          "type": "add",
          "object": {
            "name": "Gray 900",
            "group": "neutral",
            "value": "#191919",
            "blend": "normal",
            "sass": "$color-neutral-gray-900",
            "machineName": "gray-900"
          }
        },
        {
          "type": "add",
          "object": {
            "name": "Black",
            "group": "neutral",
            "value": "#000000",
            "blend": "normal",
            "sass": "$color-neutral-black",
            "machineName": "black"
          }
        },
        {
          "type": "add",
          "object": {
            "name": "Transparent",
            "group": "neutral",
            "value": "rgba(0, 0, 0, 0)",
            "blend": "normal",
            "sass": "$color-neutral-transparent",
            "machineName": "transparent"
          }
        },
        {
          "type": "add",
          "object": {
            "name": "Blue",
            "group": "primary",
            "value": "#0073e6",
            "blend": "normal",
            "sass": "$color-primary-blue",
            "machineName": "blue"
          }
        }
      ],
      "typography": [
        {
          "type": "add",
          "object": {
            "name": "Heading 1",
            "machine_name": "heading-1",
            "group": "",
            "values": {
              "fontFamily": "Inter",
              "fontPostScriptName": null,
              "fontWeight": 500,
              "textAutoResize": "WIDTH_AND_HEIGHT",
              "fontSize": 56,
              "textAlignHorizontal": "LEFT",
              "textAlignVertical": "TOP",
              "letterSpacing": -1.12,
              "lineHeightPx": 61.60000228881836,
              "lineHeightPercent": 90.89202117919922,
              "lineHeightPercentFontSize": 110,
              "lineHeightUnit": "FONT_SIZE_%",
              "color": "#000000"
            }
          }
        },
        {
          "type": "add",
          "object": {
            "name": "Heading 2",
            "machine_name": "heading-2",
            "group": "",
            "values": {
              "fontFamily": "Inter",
              "fontPostScriptName": null,
              "fontWeight": 500,
              "textAutoResize": "WIDTH_AND_HEIGHT",
              "fontSize": 40,
              "textAlignHorizontal": "LEFT",
              "textAlignVertical": "TOP",
              "letterSpacing": -0.8,
              "lineHeightPx": 44,
              "lineHeightPercent": 90.89202117919922,
              "lineHeightPercentFontSize": 110,
              "lineHeightUnit": "FONT_SIZE_%",
              "color": "#000000"
            }
          }
        },
        {
          "type": "add",
          "object": {
            "name": "Heading 3",
            "machine_name": "heading-3",
            "group": "",
            "values": {
              "fontFamily": "Inter",
              "fontPostScriptName": null,
              "fontWeight": 400,
              "textAutoResize": "WIDTH_AND_HEIGHT",
              "fontSize": 32,
              "textAlignHorizontal": "LEFT",
              "textAlignVertical": "TOP",
              "letterSpacing": -0.64,
              "lineHeightPx": 41.599998474121094,
              "lineHeightPercent": 107.41783905029297,
              "lineHeightPercentFontSize": 130,
              "lineHeightUnit": "FONT_SIZE_%",
              "color": "#000000"
            }
          }
        },
        {
          "type": "add",
          "object": {
            "name": "Heading 4",
            "machine_name": "heading-4",
            "group": "",
            "values": {
              "fontFamily": "Inter",
              "fontPostScriptName": null,
              "fontWeight": 500,
              "textAutoResize": "WIDTH_AND_HEIGHT",
              "fontSize": 28,
              "textAlignHorizontal": "LEFT",
              "textAlignVertical": "TOP",
              "letterSpacing": -0.56,
              "lineHeightPx": 36.39999771118164,
              "lineHeightPercent": 107.41783905029297,
              "lineHeightPercentFontSize": 130,
              "lineHeightUnit": "FONT_SIZE_%",
              "color": "#000000"
            }
          }
        },
        {
          "type": "add",
          "object": {
            "name": "Heading 5",
            "machine_name": "heading-5",
            "group": "",
            "values": {
              "fontFamily": "Inter",
              "fontPostScriptName": null,
              "fontWeight": 500,
              "textAutoResize": "WIDTH_AND_HEIGHT",
              "fontSize": 24,
              "textAlignHorizontal": "LEFT",
              "textAlignVertical": "TOP",
              "letterSpacing": -0.48,
              "lineHeightPx": 31.19999885559082,
              "lineHeightPercent": 107.41783905029297,
              "lineHeightPercentFontSize": 130,
              "lineHeightUnit": "FONT_SIZE_%",
              "color": "#000000"
            }
          }
        },
        {
          "type": "add",
          "object": {
            "name": "Heading 6",
            "machine_name": "heading-6",
            "group": "",
            "values": {
              "fontFamily": "Inter",
              "fontPostScriptName": null,
              "fontWeight": 600,
              "textAutoResize": "WIDTH_AND_HEIGHT",
              "fontSize": 20,
              "textAlignHorizontal": "LEFT",
              "textAlignVertical": "TOP",
              "letterSpacing": -0.4,
              "lineHeightPx": 26,
              "lineHeightPercent": 107.41783905029297,
              "lineHeightPercentFontSize": 130,
              "lineHeightUnit": "FONT_SIZE_%",
              "color": "#000000"
            }
          }
        },
        {
          "type": "add",
          "object": {
            "name": "Subheading",
            "machine_name": "subheading",
            "group": "",
            "values": {
              "fontFamily": "Inter",
              "fontPostScriptName": null,
              "fontWeight": 700,
              "textAutoResize": "WIDTH_AND_HEIGHT",
              "fontSize": 18,
              "textAlignHorizontal": "LEFT",
              "textAlignVertical": "TOP",
              "letterSpacing": -0.36,
              "lineHeightPx": 28.80000114440918,
              "lineHeightPercent": 132.20657348632812,
              "lineHeightPercentFontSize": 160,
              "lineHeightUnit": "FONT_SIZE_%",
              "color": "#000000"
            }
          }
        },
        {
          "type": "add",
          "object": {
            "name": "Blockquote",
            "machine_name": "blockquote",
            "group": "",
            "values": {
              "fontFamily": "Inter",
              "fontPostScriptName": null,
              "italic": true,
              "fontWeight": 400,
              "textAutoResize": "WIDTH_AND_HEIGHT",
              "fontSize": 24,
              "textAlignHorizontal": "LEFT",
              "textAlignVertical": "TOP",
              "letterSpacing": -0.48,
              "lineHeightPx": 31.19999885559082,
              "lineHeightPercent": 107.41783905029297,
              "lineHeightPercentFontSize": 130,
              "lineHeightUnit": "FONT_SIZE_%",
              "color": "#000000"
            }
          }
        },
        {
          "type": "add",
          "object": {
            "name": "Button/Text Large",
            "machine_name": "text-large",
            "group": "button",
            "values": {
              "fontFamily": "Inter",
              "fontPostScriptName": null,
              "fontWeight": 600,
              "paragraphSpacing": 20,
              "textAutoResize": "WIDTH_AND_HEIGHT",
              "fontSize": 16,
              "textAlignHorizontal": "LEFT",
              "textAlignVertical": "TOP",
              "letterSpacing": -0.32,
              "lineHeightPx": 20,
              "lineHeightPercent": 103.28638458251953,
              "lineHeightPercentFontSize": 125,
              "lineHeightUnit": "PIXELS",
              "color": "#000000"
            }
          }
        },
        {
          "type": "add",
          "object": {
            "name": "Button/Text Medium",
            "machine_name": "text-medium",
            "group": "button",
            "values": {
              "fontFamily": "Inter",
              "fontPostScriptName": null,
              "fontWeight": 600,
              "paragraphSpacing": 20,
              "textAutoResize": "WIDTH_AND_HEIGHT",
              "fontSize": 14,
              "textAlignHorizontal": "LEFT",
              "textAlignVertical": "TOP",
              "letterSpacing": -0.28,
              "lineHeightPx": 18,
              "lineHeightPercent": 106.2374267578125,
              "lineHeightPercentFontSize": 128.57142639160156,
              "lineHeightUnit": "PIXELS",
              "color": "#000000"
            }
          }
        },
        {
          "type": "add",
          "object": {
            "name": "Button/Text Small",
            "machine_name": "text-small",
            "group": "button",
            "values": {
              "fontFamily": "Inter",
              "fontPostScriptName": null,
              "fontWeight": 600,
              "paragraphSpacing": 20,
              "textAutoResize": "WIDTH_AND_HEIGHT",
              "fontSize": 12,
              "textAlignHorizontal": "LEFT",
              "textAlignVertical": "TOP",
              "letterSpacing": -0.24,
              "lineHeightPx": 16,
              "lineHeightPercent": 110.1721420288086,
              "lineHeightPercentFontSize": 133.3333282470703,
              "lineHeightUnit": "PIXELS",
              "color": "#000000"
            }
          }
        },
        {
          "type": "add",
          "object": {
            "name": "Form/Placeholder Large",
            "machine_name": "placeholder-large",
            "group": "form",
            "values": {
              "fontFamily": "Inter",
              "fontPostScriptName": null,
              "fontWeight": 400,
              "paragraphSpacing": 20,
              "textAutoResize": "WIDTH_AND_HEIGHT",
              "fontSize": 16,
              "textAlignHorizontal": "LEFT",
              "textAlignVertical": "TOP",
              "letterSpacing": -0.32,
              "lineHeightPx": 20,
              "lineHeightPercent": 103.28638458251953,
              "lineHeightPercentFontSize": 125,
              "lineHeightUnit": "PIXELS",
              "color": "#000000"
            }
          }
        },
        {
          "type": "add",
          "object": {
            "name": "Form/Placeholder Medium",
            "machine_name": "placeholder-medium",
            "group": "form",
            "values": {
              "fontFamily": "Inter",
              "fontPostScriptName": null,
              "fontWeight": 400,
              "paragraphSpacing": 20,
              "textAutoResize": "WIDTH_AND_HEIGHT",
              "fontSize": 14,
              "textAlignHorizontal": "LEFT",
              "textAlignVertical": "TOP",
              "letterSpacing": -0.28,
              "lineHeightPx": 20,
              "lineHeightPercent": 118.04158782958984,
              "lineHeightPercentFontSize": 142.85714721679688,
              "lineHeightUnit": "PIXELS",
              "color": "#000000"
            }
          }
        },
        {
          "type": "add",
          "object": {
            "name": "Form/Placeholder Small",
            "machine_name": "placeholder-small",
            "group": "form",
            "values": {
              "fontFamily": "Inter",
              "fontPostScriptName": null,
              "fontWeight": 400,
              "paragraphSpacing": 20,
              "textAutoResize": "WIDTH_AND_HEIGHT",
              "fontSize": 12,
              "textAlignHorizontal": "LEFT",
              "textAlignVertical": "TOP",
              "letterSpacing": -0.24,
              "lineHeightPx": 20,
              "lineHeightPercent": 137.71517944335938,
              "lineHeightPercentFontSize": 166.6666717529297,
              "lineHeightUnit": "PIXELS",
              "color": "#000000"
            }
          }
        },
        {
          "type": "add",
          "object": {
            "name": "XXL/Base",
            "machine_name": "base",
            "group": "xxl",
            "values": {
              "fontFamily": "Inter",
              "fontPostScriptName": null,
              "fontWeight": 400,
              "paragraphSpacing": 20,
              "textAutoResize": "WIDTH_AND_HEIGHT",
              "fontSize": 22,
              "textAlignHorizontal": "LEFT",
              "textAlignVertical": "TOP",
              "letterSpacing": -0.44,
              "lineHeightPx": 35.20000076293945,
              "lineHeightPercent": 132.20657348632812,
              "lineHeightPercentFontSize": 160,
              "lineHeightUnit": "FONT_SIZE_%",
              "color": "#000000"
            }
          }
        },
        {
          "type": "add",
          "object": {
            "name": "XL/Base",
            "machine_name": "base",
            "group": "xl",
            "values": {
              "fontFamily": "Inter",
              "fontPostScriptName": null,
              "fontWeight": 400,
              "paragraphSpacing": 20,
              "textAutoResize": "WIDTH_AND_HEIGHT",
              "fontSize": 20,
              "textAlignHorizontal": "LEFT",
              "textAlignVertical": "TOP",
              "letterSpacing": -0.4,
              "lineHeightPx": 32,
              "lineHeightPercent": 132.20657348632812,
              "lineHeightPercentFontSize": 160,
              "lineHeightUnit": "FONT_SIZE_%",
              "color": "#000000"
            }
          }
        },
        {
          "type": "add",
          "object": {
            "name": "LG/Base",
            "machine_name": "base",
            "group": "lg",
            "values": {
              "fontFamily": "Inter",
              "fontPostScriptName": null,
              "fontWeight": 400,
              "paragraphSpacing": 20,
              "textAutoResize": "WIDTH_AND_HEIGHT",
              "fontSize": 18,
              "textAlignHorizontal": "LEFT",
              "textAlignVertical": "TOP",
              "letterSpacing": -0.36,
              "lineHeightPx": 28.80000114440918,
              "lineHeightPercent": 132.20657348632812,
              "lineHeightPercentFontSize": 160,
              "lineHeightUnit": "FONT_SIZE_%",
              "color": "#000000"
            }
          }
        },
        {
          "type": "add",
          "object": {
            "name": "MD/Base",
            "machine_name": "base",
            "group": "md",
            "values": {
              "fontFamily": "Inter",
              "fontPostScriptName": null,
              "fontWeight": 400,
              "paragraphSpacing": 20,
              "textAutoResize": "WIDTH_AND_HEIGHT",
              "fontSize": 16,
              "textAlignHorizontal": "LEFT",
              "textAlignVertical": "TOP",
              "letterSpacing": -0.32,
              "lineHeightPx": 25.600000381469727,
              "lineHeightPercent": 132.20657348632812,
              "lineHeightPercentFontSize": 160,
              "lineHeightUnit": "FONT_SIZE_%",
              "color": "#000000"
            }
          }
        },
        {
          "type": "add",
          "object": {
            "name": "SM/Base",
            "machine_name": "base",
            "group": "sm",
            "values": {
              "fontFamily": "Inter",
              "fontPostScriptName": null,
              "fontWeight": 400,
              "paragraphSpacing": 20,
              "textAutoResize": "WIDTH_AND_HEIGHT",
              "fontSize": 14,
              "textAlignHorizontal": "LEFT",
              "textAlignVertical": "TOP",
              "letterSpacing": -0.28,
              "lineHeightPx": 22.399999618530273,
              "lineHeightPercent": 132.20657348632812,
              "lineHeightPercentFontSize": 160,
              "lineHeightUnit": "FONT_SIZE_%",
              "color": "#000000"
            }
          }
        },
        {
          "type": "add",
          "object": {
            "name": "XS/Base",
            "machine_name": "base",
            "group": "xs",
            "values": {
              "fontFamily": "Inter",
              "fontPostScriptName": null,
              "fontWeight": 400,
              "paragraphSpacing": 20,
              "textAutoResize": "WIDTH_AND_HEIGHT",
              "fontSize": 12,
              "textAlignHorizontal": "LEFT",
              "textAlignVertical": "TOP",
              "letterSpacing": -0.24,
              "lineHeightPx": 19.200000762939453,
              "lineHeightPercent": 132.20657348632812,
              "lineHeightPercentFontSize": 160,
              "lineHeightUnit": "FONT_SIZE_%",
              "color": "#000000"
            }
          }
        },
        {
          "type": "add",
          "object": {
            "name": "XXS/Base",
            "machine_name": "base",
            "group": "xxs",
            "values": {
              "fontFamily": "Inter",
              "fontPostScriptName": null,
              "fontWeight": 400,
              "paragraphSpacing": 20,
              "textAutoResize": "WIDTH_AND_HEIGHT",
              "fontSize": 10,
              "textAlignHorizontal": "LEFT",
              "textAlignVertical": "TOP",
              "letterSpacing": -0.2,
              "lineHeightPx": 16,
              "lineHeightPercent": 132.20657348632812,
              "lineHeightPercentFontSize": 160,
              "lineHeightUnit": "FONT_SIZE_%",
              "color": "#000000"
            }
          }
        },
        {
          "type": "add",
          "object": {
            "name": "XXL/Strong",
            "machine_name": "strong",
            "group": "xxl",
            "values": {
              "fontFamily": "Inter",
              "fontPostScriptName": null,
              "fontWeight": 700,
              "paragraphSpacing": 20,
              "textAutoResize": "WIDTH_AND_HEIGHT",
              "fontSize": 22,
              "textAlignHorizontal": "LEFT",
              "textAlignVertical": "TOP",
              "letterSpacing": -0.44,
              "lineHeightPx": 35.20000076293945,
              "lineHeightPercent": 132.20657348632812,
              "lineHeightPercentFontSize": 160,
              "lineHeightUnit": "FONT_SIZE_%",
              "color": "#000000"
            }
          }
        },
        {
          "type": "add",
          "object": {
            "name": "XL/Strong",
            "machine_name": "strong",
            "group": "xl",
            "values": {
              "fontFamily": "Inter",
              "fontPostScriptName": null,
              "fontWeight": 700,
              "paragraphSpacing": 20,
              "textAutoResize": "WIDTH_AND_HEIGHT",
              "fontSize": 20,
              "textAlignHorizontal": "LEFT",
              "textAlignVertical": "TOP",
              "letterSpacing": -0.4,
              "lineHeightPx": 32,
              "lineHeightPercent": 132.20657348632812,
              "lineHeightPercentFontSize": 160,
              "lineHeightUnit": "FONT_SIZE_%",
              "color": "#000000"
            }
          }
        },
        {
          "type": "add",
          "object": {
            "name": "LG/Strong",
            "machine_name": "strong",
            "group": "lg",
            "values": {
              "fontFamily": "Inter",
              "fontPostScriptName": null,
              "fontWeight": 700,
              "paragraphSpacing": 20,
              "textAutoResize": "WIDTH_AND_HEIGHT",
              "fontSize": 18,
              "textAlignHorizontal": "LEFT",
              "textAlignVertical": "TOP",
              "letterSpacing": -0.36,
              "lineHeightPx": 28.80000114440918,
              "lineHeightPercent": 132.20657348632812,
              "lineHeightPercentFontSize": 160,
              "lineHeightUnit": "FONT_SIZE_%",
              "color": "#000000"
            }
          }
        },
        {
          "type": "add",
          "object": {
            "name": "MD/Strong",
            "machine_name": "strong",
            "group": "md",
            "values": {
              "fontFamily": "Inter",
              "fontPostScriptName": null,
              "fontWeight": 700,
              "paragraphSpacing": 20,
              "textAutoResize": "WIDTH_AND_HEIGHT",
              "fontSize": 16,
              "textAlignHorizontal": "LEFT",
              "textAlignVertical": "TOP",
              "letterSpacing": -0.32,
              "lineHeightPx": 25.600000381469727,
              "lineHeightPercent": 132.20657348632812,
              "lineHeightPercentFontSize": 160,
              "lineHeightUnit": "FONT_SIZE_%",
              "color": "#000000"
            }
          }
        },
        {
          "type": "add",
          "object": {
            "name": "SM/Strong",
            "machine_name": "strong",
            "group": "sm",
            "values": {
              "fontFamily": "Inter",
              "fontPostScriptName": null,
              "fontWeight": 700,
              "paragraphSpacing": 20,
              "textAutoResize": "WIDTH_AND_HEIGHT",
              "fontSize": 14,
              "textAlignHorizontal": "LEFT",
              "textAlignVertical": "TOP",
              "letterSpacing": -0.28,
              "lineHeightPx": 22.399999618530273,
              "lineHeightPercent": 132.20657348632812,
              "lineHeightPercentFontSize": 160,
              "lineHeightUnit": "FONT_SIZE_%",
              "color": "#000000"
            }
          }
        },
        {
          "type": "add",
          "object": {
            "name": "XS/Strong",
            "machine_name": "strong",
            "group": "xs",
            "values": {
              "fontFamily": "Inter",
              "fontPostScriptName": null,
              "fontWeight": 600,
              "paragraphSpacing": 20,
              "textAutoResize": "WIDTH_AND_HEIGHT",
              "fontSize": 12,
              "textAlignHorizontal": "LEFT",
              "textAlignVertical": "TOP",
              "letterSpacing": -0.24,
              "lineHeightPx": 19.200000762939453,
              "lineHeightPercent": 132.20657348632812,
              "lineHeightPercentFontSize": 160,
              "lineHeightUnit": "FONT_SIZE_%",
              "color": "#000000"
            }
          }
        },
        {
          "type": "add",
          "object": {
            "name": "XXS/Strong",
            "machine_name": "strong",
            "group": "xxs",
            "values": {
              "fontFamily": "Inter",
              "fontPostScriptName": null,
              "fontWeight": 700,
              "paragraphSpacing": 20,
              "textAutoResize": "WIDTH_AND_HEIGHT",
              "fontSize": 10,
              "textAlignHorizontal": "LEFT",
              "textAlignVertical": "TOP",
              "letterSpacing": -0.2,
              "lineHeightPx": 16,
              "lineHeightPercent": 132.20657348632812,
              "lineHeightPercentFontSize": 160,
              "lineHeightUnit": "FONT_SIZE_%",
              "color": "#000000"
            }
          }
        },
        {
          "type": "add",
          "object": {
            "name": "Form/Label",
            "machine_name": "label",
            "group": "form",
            "values": {
              "fontFamily": "Inter",
              "fontPostScriptName": null,
              "fontWeight": 400,
              "paragraphSpacing": 20,
              "textAutoResize": "WIDTH_AND_HEIGHT",
              "fontSize": 12,
              "textAlignHorizontal": "LEFT",
              "textAlignVertical": "TOP",
              "letterSpacing": -0.24,
              "lineHeightPx": 19.200000762939453,
              "lineHeightPercent": 132.20657348632812,
              "lineHeightPercentFontSize": 160,
              "lineHeightUnit": "FONT_SIZE_%",
              "color": "#000000"
            }
          }
        },
        {
          "type": "add",
          "object": {
            "name": "Form/Help",
            "machine_name": "help",
            "group": "form",
            "values": {
              "fontFamily": "Inter",
              "fontPostScriptName": null,
              "fontWeight": 400,
              "paragraphSpacing": 20,
              "textAutoResize": "WIDTH_AND_HEIGHT",
              "fontSize": 12,
              "textAlignHorizontal": "LEFT",
              "textAlignVertical": "TOP",
              "letterSpacing": -0.24,
              "lineHeightPx": 19.200000762939453,
              "lineHeightPercent": 132.20657348632812,
              "lineHeightPercentFontSize": 160,
              "lineHeightUnit": "FONT_SIZE_%",
              "color": "#000000"
            }
          }
        }
      ]
    },
    "assets": {
      "icons": [
        {
          "type": "add",
          "object": {
            "path": "arrow-left.svg",
            "name": "arrow-left",
            "icon": "arrow-left",
            "description": "",
            "index": "arrow left",
            "size": 515,
            "data": "<svg width=\"24\" height=\"24\" viewBox=\"0 0 24 24\" fill=\"none\" xmlns=\"http://www.w3.org/2000/svg\"><mask id=\"mask0_1006_2680\" style=\"mask-type:alpha\" maskUnits=\"userSpaceOnUse\" x=\"4\" y=\"4\" width=\"16\" height=\"16\"><path d=\"M19 12H5\" stroke=\"black\" stroke-width=\"2\" stroke-linecap=\"round\" stroke-linejoin=\"round\"/><path d=\"M12 19L5 12L12 5\" stroke=\"black\" stroke-width=\"2\" stroke-linecap=\"round\" stroke-linejoin=\"round\"/></mask><g mask=\"url(#mask0_1006_2680)\"><rect width=\"24\" height=\"24\" fill=\"black\"/></g></svg>"
          }
        },
        {
          "type": "add",
          "object": {
            "path": "arrow-right.svg",
            "name": "arrow-right",
            "icon": "arrow-right",
            "description": "",
            "index": "arrow right",
            "size": 516,
            "data": "<svg width=\"24\" height=\"24\" viewBox=\"0 0 24 24\" fill=\"none\" xmlns=\"http://www.w3.org/2000/svg\"><mask id=\"mask0_1006_2681\" style=\"mask-type:alpha\" maskUnits=\"userSpaceOnUse\" x=\"4\" y=\"4\" width=\"16\" height=\"16\"><path d=\"M5 12H19\" stroke=\"black\" stroke-width=\"2\" stroke-linecap=\"round\" stroke-linejoin=\"round\"/><path d=\"M12 5L19 12L12 19\" stroke=\"black\" stroke-width=\"2\" stroke-linecap=\"round\" stroke-linejoin=\"round\"/></mask><g mask=\"url(#mask0_1006_2681)\"><rect width=\"24\" height=\"24\" fill=\"black\"/></g></svg>"
          }
        },
        {
          "type": "add",
          "object": {
            "path": "chevron-left.svg",
            "name": "chevron-left",
            "icon": "chevron-left",
            "description": "",
            "index": "chevron left",
            "size": 414,
            "data": "<svg width=\"24\" height=\"24\" viewBox=\"0 0 24 24\" fill=\"none\" xmlns=\"http://www.w3.org/2000/svg\"><mask id=\"mask0_1006_2682\" style=\"mask-type:alpha\" maskUnits=\"userSpaceOnUse\" x=\"8\" y=\"5\" width=\"8\" height=\"14\"><path d=\"M15 18L9 12L15 6\" stroke=\"black\" stroke-width=\"2\" stroke-linecap=\"round\" stroke-linejoin=\"round\"/></mask><g mask=\"url(#mask0_1006_2682)\"><rect width=\"24\" height=\"24\" fill=\"black\"/></g></svg>"
          }
        },
        {
          "type": "add",
          "object": {
            "path": "chevron-right.svg",
            "name": "chevron-right",
            "icon": "chevron-right",
            "description": "",
            "index": "chevron right",
            "size": 413,
            "data": "<svg width=\"24\" height=\"24\" viewBox=\"0 0 24 24\" fill=\"none\" xmlns=\"http://www.w3.org/2000/svg\"><mask id=\"mask0_1006_2683\" style=\"mask-type:alpha\" maskUnits=\"userSpaceOnUse\" x=\"8\" y=\"5\" width=\"8\" height=\"14\"><path d=\"M9 18L15 12L9 6\" stroke=\"black\" stroke-width=\"2\" stroke-linecap=\"round\" stroke-linejoin=\"round\"/></mask><g mask=\"url(#mask0_1006_2683)\"><rect width=\"24\" height=\"24\" fill=\"black\"/></g></svg>"
          }
        },
        {
          "type": "add",
          "object": {
            "path": "chevron-down.svg",
            "name": "chevron-down",
            "icon": "chevron-down",
            "description": "",
            "index": "chevron down",
            "size": 413,
            "data": "<svg width=\"24\" height=\"24\" viewBox=\"0 0 24 24\" fill=\"none\" xmlns=\"http://www.w3.org/2000/svg\"><mask id=\"mask0_1006_2684\" style=\"mask-type:alpha\" maskUnits=\"userSpaceOnUse\" x=\"5\" y=\"8\" width=\"14\" height=\"8\"><path d=\"M6 9L12 15L18 9\" stroke=\"black\" stroke-width=\"2\" stroke-linecap=\"round\" stroke-linejoin=\"round\"/></mask><g mask=\"url(#mask0_1006_2684)\"><rect width=\"24\" height=\"24\" fill=\"black\"/></g></svg>"
          }
        },
        {
          "type": "add",
          "object": {
            "path": "chevron-up.svg",
            "name": "chevron-up",
            "icon": "chevron-up",
            "description": "",
            "index": "chevron up",
            "size": 414,
            "data": "<svg width=\"24\" height=\"24\" viewBox=\"0 0 24 24\" fill=\"none\" xmlns=\"http://www.w3.org/2000/svg\"><mask id=\"mask0_1006_2685\" style=\"mask-type:alpha\" maskUnits=\"userSpaceOnUse\" x=\"5\" y=\"8\" width=\"14\" height=\"8\"><path d=\"M18 15L12 9L6 15\" stroke=\"black\" stroke-width=\"2\" stroke-linecap=\"round\" stroke-linejoin=\"round\"/></mask><g mask=\"url(#mask0_1006_2685)\"><rect width=\"24\" height=\"24\" fill=\"black\"/></g></svg>"
          }
        },
        {
          "type": "add",
          "object": {
            "path": "checkmark.svg",
            "name": "checkmark",
            "icon": "checkmark",
            "description": "",
            "index": "checkmark",
            "size": 414,
            "data": "<svg width=\"24\" height=\"24\" viewBox=\"0 0 24 24\" fill=\"none\" xmlns=\"http://www.w3.org/2000/svg\"><mask id=\"mask0_1006_2686\" style=\"mask-type:alpha\" maskUnits=\"userSpaceOnUse\" x=\"3\" y=\"5\" width=\"18\" height=\"13\"><path d=\"M20 6L9 17L4 12\" stroke=\"black\" stroke-width=\"2\" stroke-linecap=\"round\" stroke-linejoin=\"round\"/></mask><g mask=\"url(#mask0_1006_2686)\"><rect width=\"24\" height=\"24\" fill=\"black\"/></g></svg>"
          }
        },
        {
          "type": "add",
          "object": {
            "path": "alert.svg",
            "name": "alert",
            "icon": "alert",
            "description": "",
            "index": "alert",
            "size": 716,
            "data": "<svg width=\"24\" height=\"24\" viewBox=\"0 0 24 24\" fill=\"none\" xmlns=\"http://www.w3.org/2000/svg\"><mask id=\"mask0_1006_2687\" style=\"mask-type:alpha\" maskUnits=\"userSpaceOnUse\" x=\"1\" y=\"1\" width=\"22\" height=\"22\"><path d=\"M12 22C17.5228 22 22 17.5228 22 12C22 6.47715 17.5228 2 12 2C6.47715 2 2 6.47715 2 12C2 17.5228 6.47715 22 12 22Z\" stroke=\"black\" stroke-width=\"2\" stroke-linecap=\"round\" stroke-linejoin=\"round\"/><path d=\"M12 8V12\" stroke=\"black\" stroke-width=\"2\" stroke-linecap=\"round\" stroke-linejoin=\"round\"/><path d=\"M12 16H12.01\" stroke=\"black\" stroke-width=\"2\" stroke-linecap=\"round\" stroke-linejoin=\"round\"/></mask><g mask=\"url(#mask0_1006_2687)\"><rect width=\"24\" height=\"24\" fill=\"black\"/></g></svg>"
          }
        },
        {
          "type": "add",
          "object": {
            "path": "info.svg",
            "name": "info",
            "icon": "info",
            "description": "",
            "index": "info",
            "size": 715,
            "data": "<svg width=\"24\" height=\"24\" viewBox=\"0 0 24 24\" fill=\"none\" xmlns=\"http://www.w3.org/2000/svg\"><mask id=\"mask0_1267_3560\" style=\"mask-type:alpha\" maskUnits=\"userSpaceOnUse\" x=\"1\" y=\"1\" width=\"22\" height=\"22\"><path d=\"M12 2C6.47715 2 2 6.47715 2 12C2 17.5228 6.47715 22 12 22C17.5228 22 22 17.5228 22 12C22 6.47715 17.5228 2 12 2Z\" stroke=\"black\" stroke-width=\"2\" stroke-linecap=\"round\" stroke-linejoin=\"round\"/><path d=\"M12 16V12\" stroke=\"black\" stroke-width=\"2\" stroke-linecap=\"round\" stroke-linejoin=\"round\"/><path d=\"M12 8H11.99\" stroke=\"black\" stroke-width=\"2\" stroke-linecap=\"round\" stroke-linejoin=\"round\"/></mask><g mask=\"url(#mask0_1267_3560)\"><rect width=\"24\" height=\"24\" fill=\"black\"/></g></svg>"
          }
        },
        {
          "type": "add",
          "object": {
            "path": "forbidden.svg",
            "name": "forbidden",
            "icon": "forbidden",
            "description": "",
            "index": "forbidden",
            "size": 634,
            "data": "<svg width=\"24\" height=\"24\" viewBox=\"0 0 24 24\" fill=\"none\" xmlns=\"http://www.w3.org/2000/svg\"><mask id=\"mask0_1101_8795\" style=\"mask-type:alpha\" maskUnits=\"userSpaceOnUse\" x=\"1\" y=\"1\" width=\"22\" height=\"22\"><path d=\"M12 22C17.5228 22 22 17.5228 22 12C22 6.47715 17.5228 2 12 2C6.47715 2 2 6.47715 2 12C2 17.5228 6.47715 22 12 22Z\" stroke=\"black\" stroke-width=\"2\" stroke-linecap=\"round\" stroke-linejoin=\"round\"/><path d=\"M4.93018 4.92999L19.0702 19.07\" stroke=\"black\" stroke-width=\"2\" stroke-linecap=\"round\" stroke-linejoin=\"round\"/></mask><g mask=\"url(#mask0_1101_8795)\"><rect width=\"24\" height=\"24\" fill=\"black\"/></g></svg>"
          }
        },
        {
          "type": "add",
          "object": {
            "path": "bin.svg",
            "name": "bin",
            "icon": "bin",
            "description": "",
            "index": "bin",
            "size": 1026,
            "data": "<svg width=\"24\" height=\"24\" viewBox=\"0 0 24 24\" fill=\"none\" xmlns=\"http://www.w3.org/2000/svg\"><mask id=\"mask0_1101_8801\" style=\"mask-type:alpha\" maskUnits=\"userSpaceOnUse\" x=\"2\" y=\"1\" width=\"20\" height=\"22\"><path d=\"M3 6H5H21\" stroke=\"black\" stroke-width=\"2\" stroke-linecap=\"round\" stroke-linejoin=\"round\"/><path d=\"M8 6V4C8 3.46957 8.21071 2.96086 8.58579 2.58579C8.96086 2.21071 9.46957 2 10 2H14C14.5304 2 15.0391 2.21071 15.4142 2.58579C15.7893 2.96086 16 3.46957 16 4V6M19 6V20C19 20.5304 18.7893 21.0391 18.4142 21.4142C18.0391 21.7893 17.5304 22 17 22H7C6.46957 22 5.96086 21.7893 5.58579 21.4142C5.21071 21.0391 5 20.5304 5 20V6H19Z\" stroke=\"black\" stroke-width=\"2\" stroke-linecap=\"round\" stroke-linejoin=\"round\"/><path d=\"M10 11V17\" stroke=\"black\" stroke-width=\"2\" stroke-linecap=\"round\" stroke-linejoin=\"round\"/><path d=\"M14 11V17\" stroke=\"black\" stroke-width=\"2\" stroke-linecap=\"round\" stroke-linejoin=\"round\"/></mask><g mask=\"url(#mask0_1101_8801)\"><rect width=\"24\" height=\"24\" fill=\"black\"/></g></svg>"
          }
        },
        {
          "type": "add",
          "object": {
            "path": "location.svg",
            "name": "location",
            "icon": "location",
            "description": "",
            "index": "location",
            "size": 792,
            "data": "<svg width=\"24\" height=\"24\" viewBox=\"0 0 24 24\" fill=\"none\" xmlns=\"http://www.w3.org/2000/svg\"><mask id=\"mask0_1101_8808\" style=\"mask-type:alpha\" maskUnits=\"userSpaceOnUse\" x=\"2\" y=\"0\" width=\"20\" height=\"24\"><path d=\"M21 10C21 17 12 23 12 23C12 23 3 17 3 10C3 7.61305 3.94821 5.32387 5.63604 3.63604C7.32387 1.94821 9.61305 1 12 1C14.3869 1 16.6761 1.94821 18.364 3.63604C20.0518 5.32387 21 7.61305 21 10Z\" stroke=\"black\" stroke-width=\"2\" stroke-linecap=\"round\" stroke-linejoin=\"round\"/><path d=\"M12 13C13.6569 13 15 11.6569 15 10C15 8.34315 13.6569 7 12 7C10.3431 7 9 8.34315 9 10C9 11.6569 10.3431 13 12 13Z\" stroke=\"black\" stroke-width=\"2\" stroke-linecap=\"round\" stroke-linejoin=\"round\"/></mask><g mask=\"url(#mask0_1101_8808)\"><rect width=\"24\" height=\"24\" fill=\"black\"/></g></svg>"
          }
        },
        {
          "type": "add",
          "object": {
            "path": "plus.svg",
            "name": "plus",
            "icon": "plus",
            "description": "",
            "index": "plus",
            "size": 507,
            "data": "<svg width=\"24\" height=\"24\" viewBox=\"0 0 24 24\" fill=\"none\" xmlns=\"http://www.w3.org/2000/svg\"><mask id=\"mask0_1101_8812\" style=\"mask-type:alpha\" maskUnits=\"userSpaceOnUse\" x=\"4\" y=\"4\" width=\"16\" height=\"16\"><path d=\"M12 5V19\" stroke=\"black\" stroke-width=\"2\" stroke-linecap=\"round\" stroke-linejoin=\"round\"/><path d=\"M5 12H19\" stroke=\"black\" stroke-width=\"2\" stroke-linecap=\"round\" stroke-linejoin=\"round\"/></mask><g mask=\"url(#mask0_1101_8812)\"><rect width=\"24\" height=\"24\" fill=\"black\"/></g></svg>"
          }
        },
        {
          "type": "add",
          "object": {
            "path": "close.svg",
            "name": "close",
            "icon": "close",
            "description": "",
            "index": "close",
            "size": 553,
            "data": "<svg width=\"24\" height=\"24\" viewBox=\"0 0 24 24\" fill=\"none\" xmlns=\"http://www.w3.org/2000/svg\"><mask id=\"mask0_1101_8821\" style=\"mask-type:alpha\" maskUnits=\"userSpaceOnUse\" x=\"5\" y=\"5\" width=\"14\" height=\"14\"><path d=\"M6.3335 6.31372L17.6472 17.6274\" stroke=\"black\" stroke-width=\"2\" stroke-linecap=\"round\" stroke-linejoin=\"round\"/><path d=\"M6.3335 17.3137L17.6472 6.00001\" stroke=\"black\" stroke-width=\"2\" stroke-linecap=\"round\" stroke-linejoin=\"round\"/></mask><g mask=\"url(#mask0_1101_8821)\"><rect width=\"24\" height=\"24\" fill=\"black\"/></g></svg>"
          }
        },
        {
          "type": "add",
          "object": {
            "path": "download.svg",
            "name": "download",
            "icon": "download",
            "description": "",
            "index": "download",
            "size": 772,
            "data": "<svg width=\"24\" height=\"24\" viewBox=\"0 0 24 24\" fill=\"none\" xmlns=\"http://www.w3.org/2000/svg\"><mask id=\"mask0_1101_8826\" style=\"mask-type:alpha\" maskUnits=\"userSpaceOnUse\" x=\"2\" y=\"2\" width=\"20\" height=\"20\"><path d=\"M21 15V19C21 19.5304 20.7893 20.0391 20.4142 20.4142C20.0391 20.7893 19.5304 21 19 21H5C4.46957 21 3.96086 20.7893 3.58579 20.4142C3.21071 20.0391 3 19.5304 3 19V15\" stroke=\"black\" stroke-width=\"2\" stroke-linecap=\"round\" stroke-linejoin=\"round\"/><path d=\"M7 10L12 15L17 10\" stroke=\"black\" stroke-width=\"2\" stroke-linecap=\"round\" stroke-linejoin=\"round\"/><path d=\"M12 15V3\" stroke=\"black\" stroke-width=\"2\" stroke-linecap=\"round\" stroke-linejoin=\"round\"/></mask><g mask=\"url(#mask0_1101_8826)\"><rect width=\"24\" height=\"24\" fill=\"black\"/></g></svg>"
          }
        },
        {
          "type": "add",
          "object": {
            "path": "search.svg",
            "name": "search",
            "icon": "search",
            "description": "",
            "index": "search",
            "size": 629,
            "data": "<svg width=\"24\" height=\"24\" viewBox=\"0 0 24 24\" fill=\"none\" xmlns=\"http://www.w3.org/2000/svg\"><mask id=\"mask0_1101_9033\" style=\"mask-type:alpha\" maskUnits=\"userSpaceOnUse\" x=\"2\" y=\"2\" width=\"20\" height=\"20\"><path d=\"M11 19C15.4183 19 19 15.4183 19 11C19 6.58172 15.4183 3 11 3C6.58172 3 3 6.58172 3 11C3 15.4183 6.58172 19 11 19Z\" stroke=\"black\" stroke-width=\"2\" stroke-linecap=\"round\" stroke-linejoin=\"round\"/><path d=\"M20.9999 21L16.6499 16.65\" stroke=\"black\" stroke-width=\"2\" stroke-linecap=\"round\" stroke-linejoin=\"round\"/></mask><g mask=\"url(#mask0_1101_9033)\"><rect width=\"24\" height=\"24\" fill=\"black\"/></g></svg>"
          }
        },
        {
          "type": "add",
          "object": {
            "path": "user.svg",
            "name": "user",
            "icon": "user",
            "description": "",
            "index": "user",
            "size": 766,
            "data": "<svg width=\"24\" height=\"24\" viewBox=\"0 0 24 24\" fill=\"none\" xmlns=\"http://www.w3.org/2000/svg\"><mask id=\"mask0_1101_9037\" style=\"mask-type:alpha\" maskUnits=\"userSpaceOnUse\" x=\"3\" y=\"2\" width=\"18\" height=\"20\"><path d=\"M20 21V19C20 17.9391 19.5786 16.9217 18.8284 16.1716C18.0783 15.4214 17.0609 15 16 15H8C6.93913 15 5.92172 15.4214 5.17157 16.1716C4.42143 16.9217 4 17.9391 4 19V21\" stroke=\"black\" stroke-width=\"2\" stroke-linecap=\"round\" stroke-linejoin=\"round\"/><path d=\"M12 11C14.2091 11 16 9.20914 16 7C16 4.79086 14.2091 3 12 3C9.79086 3 8 4.79086 8 7C8 9.20914 9.79086 11 12 11Z\" stroke=\"black\" stroke-width=\"2\" stroke-linecap=\"round\" stroke-linejoin=\"round\"/></mask><g mask=\"url(#mask0_1101_9037)\"><rect width=\"24\" height=\"24\" fill=\"black\"/></g></svg>"
          }
        },
        {
          "type": "add",
          "object": {
            "path": "users.svg",
            "name": "users",
            "icon": "users",
            "description": "",
            "index": "users",
            "size": 1231,
            "data": "<svg width=\"24\" height=\"24\" viewBox=\"0 0 24 24\" fill=\"none\" xmlns=\"http://www.w3.org/2000/svg\"><mask id=\"mask0_1101_9043\" style=\"mask-type:alpha\" maskUnits=\"userSpaceOnUse\" x=\"0\" y=\"2\" width=\"24\" height=\"20\"><path d=\"M17 21V19C17 17.9391 16.5786 16.9217 15.8284 16.1716C15.0783 15.4214 14.0609 15 13 15H5C3.93913 15 2.92172 15.4214 2.17157 16.1716C1.42143 16.9217 1 17.9391 1 19V21\" stroke=\"black\" stroke-width=\"2\" stroke-linecap=\"round\" stroke-linejoin=\"round\"/><path d=\"M9 11C11.2091 11 13 9.20914 13 7C13 4.79086 11.2091 3 9 3C6.79086 3 5 4.79086 5 7C5 9.20914 6.79086 11 9 11Z\" stroke=\"black\" stroke-width=\"2\" stroke-linecap=\"round\" stroke-linejoin=\"round\"/><path d=\"M23 21V19C22.9993 18.1137 22.7044 17.2528 22.1614 16.5523C21.6184 15.8519 20.8581 15.3516 20 15.13\" stroke=\"black\" stroke-width=\"2\" stroke-linecap=\"round\" stroke-linejoin=\"round\"/><path d=\"M16 3.13C16.8604 3.35031 17.623 3.85071 18.1676 4.55232C18.7122 5.25392 19.0078 6.11683 19.0078 7.005C19.0078 7.89318 18.7122 8.75608 18.1676 9.45769C17.623 10.1593 16.8604 10.6597 16 10.88\" stroke=\"black\" stroke-width=\"2\" stroke-linecap=\"round\" stroke-linejoin=\"round\"/></mask><g mask=\"url(#mask0_1101_9043)\"><path d=\"M0 0H24V24H0V0Z\" fill=\"black\"/></g></svg>"
          }
        },
        {
          "type": "add",
          "object": {
            "path": "preferences.svg",
            "name": "preferences",
            "icon": "preferences",
            "description": "",
            "index": "preferences",
            "size": 1206,
            "data": "<svg width=\"24\" height=\"24\" viewBox=\"0 0 24 24\" fill=\"none\" xmlns=\"http://www.w3.org/2000/svg\"><mask id=\"mask0_1101_9054\" style=\"mask-type:alpha\" maskUnits=\"userSpaceOnUse\" x=\"0\" y=\"2\" width=\"24\" height=\"20\"><path d=\"M4 21V14\" stroke=\"black\" stroke-width=\"2\" stroke-linecap=\"round\" stroke-linejoin=\"round\"/><path d=\"M4 10V3\" stroke=\"black\" stroke-width=\"2\" stroke-linecap=\"round\" stroke-linejoin=\"round\"/><path d=\"M12 21V12\" stroke=\"black\" stroke-width=\"2\" stroke-linecap=\"round\" stroke-linejoin=\"round\"/><path d=\"M12 8V3\" stroke=\"black\" stroke-width=\"2\" stroke-linecap=\"round\" stroke-linejoin=\"round\"/><path d=\"M20 21V16\" stroke=\"black\" stroke-width=\"2\" stroke-linecap=\"round\" stroke-linejoin=\"round\"/><path d=\"M20 12V3\" stroke=\"black\" stroke-width=\"2\" stroke-linecap=\"round\" stroke-linejoin=\"round\"/><path d=\"M1 14H7\" stroke=\"black\" stroke-width=\"2\" stroke-linecap=\"round\" stroke-linejoin=\"round\"/><path d=\"M9 8H15\" stroke=\"black\" stroke-width=\"2\" stroke-linecap=\"round\" stroke-linejoin=\"round\"/><path d=\"M17 16H23\" stroke=\"black\" stroke-width=\"2\" stroke-linecap=\"round\" stroke-linejoin=\"round\"/></mask><g mask=\"url(#mask0_1101_9054)\"><rect width=\"24\" height=\"24\" fill=\"black\"/></g></svg>"
          }
        },
        {
          "type": "add",
          "object": {
            "path": "settings.svg",
            "name": "settings",
            "icon": "settings",
            "description": "",
            "index": "settings",
            "size": 4245,
            "data": "<svg width=\"24\" height=\"24\" viewBox=\"0 0 24 24\" fill=\"none\" xmlns=\"http://www.w3.org/2000/svg\"><mask id=\"mask0_1101_9058\" style=\"mask-type:alpha\" maskUnits=\"userSpaceOnUse\" x=\"0\" y=\"0\" width=\"24\" height=\"24\"><path d=\"M12 15C13.6569 15 15 13.6569 15 12C15 10.3431 13.6569 9 12 9C10.3431 9 9 10.3431 9 12C9 13.6569 10.3431 15 12 15Z\" stroke=\"black\" stroke-width=\"2\" stroke-linecap=\"round\" stroke-linejoin=\"round\"/><path d=\"M19.4 15C19.2669 15.3016 19.2272 15.6362 19.286 15.9606C19.3448 16.285 19.4995 16.5843 19.73 16.82L19.79 16.88C19.976 17.0657 20.1235 17.2863 20.2241 17.5291C20.3248 17.7719 20.3766 18.0322 20.3766 18.295C20.3766 18.5578 20.3248 18.8181 20.2241 19.0609C20.1235 19.3037 19.976 19.5243 19.79 19.71C19.6043 19.896 19.3837 20.0435 19.1409 20.1441C18.8981 20.2448 18.6378 20.2966 18.375 20.2966C18.1122 20.2966 17.8519 20.2448 17.6091 20.1441C17.3663 20.0435 17.1457 19.896 16.96 19.71L16.9 19.65C16.6643 19.4195 16.365 19.2648 16.0406 19.206C15.7162 19.1472 15.3816 19.1869 15.08 19.32C14.7842 19.4468 14.532 19.6572 14.3543 19.9255C14.1766 20.1938 14.0813 20.5082 14.08 20.83V21C14.08 21.5304 13.8693 22.0391 13.4942 22.4142C13.1191 22.7893 12.6104 23 12.08 23C11.5496 23 11.0409 22.7893 10.6658 22.4142C10.2907 22.0391 10.08 21.5304 10.08 21V20.91C10.0723 20.579 9.96512 20.258 9.77251 19.9887C9.5799 19.7194 9.31074 19.5143 9 19.4C8.69838 19.2669 8.36381 19.2272 8.03941 19.286C7.71502 19.3448 7.41568 19.4995 7.18 19.73L7.12 19.79C6.93425 19.976 6.71368 20.1235 6.47088 20.2241C6.22808 20.3248 5.96783 20.3766 5.705 20.3766C5.44217 20.3766 5.18192 20.3248 4.93912 20.2241C4.69632 20.1235 4.47575 19.976 4.29 19.79C4.10405 19.6043 3.95653 19.3837 3.85588 19.1409C3.75523 18.8981 3.70343 18.6378 3.70343 18.375C3.70343 18.1122 3.75523 17.8519 3.85588 17.6091C3.95653 17.3663 4.10405 17.1457 4.29 16.96L4.35 16.9C4.58054 16.6643 4.73519 16.365 4.794 16.0406C4.85282 15.7162 4.81312 15.3816 4.68 15.08C4.55324 14.7842 4.34276 14.532 4.07447 14.3543C3.80618 14.1766 3.49179 14.0813 3.17 14.08H3C2.46957 14.08 1.96086 13.8693 1.58579 13.4942C1.21071 13.1191 1 12.6104 1 12.08C1 11.5496 1.21071 11.0409 1.58579 10.6658C1.96086 10.2907 2.46957 10.08 3 10.08H3.09C3.42099 10.0723 3.742 9.96512 4.0113 9.77251C4.28059 9.5799 4.48572 9.31074 4.6 9C4.73312 8.69838 4.77282 8.36381 4.714 8.03941C4.65519 7.71502 4.50054 7.41568 4.27 7.18L4.21 7.12C4.02405 6.93425 3.87653 6.71368 3.77588 6.47088C3.67523 6.22808 3.62343 5.96783 3.62343 5.705C3.62343 5.44217 3.67523 5.18192 3.77588 4.93912C3.87653 4.69632 4.02405 4.47575 4.21 4.29C4.39575 4.10405 4.61632 3.95653 4.85912 3.85588C5.10192 3.75523 5.36217 3.70343 5.625 3.70343C5.88783 3.70343 6.14808 3.75523 6.39088 3.85588C6.63368 3.95653 6.85425 4.10405 7.04 4.29L7.1 4.35C7.33568 4.58054 7.63502 4.73519 7.95941 4.794C8.28381 4.85282 8.61838 4.81312 8.92 4.68H9C9.29577 4.55324 9.54802 4.34276 9.72569 4.07447C9.90337 3.80618 9.99872 3.49179 10 3.17V3C10 2.46957 10.2107 1.96086 10.5858 1.58579C10.9609 1.21071 11.4696 1 12 1C12.5304 1 13.0391 1.21071 13.4142 1.58579C13.7893 1.96086 14 2.46957 14 3V3.09C14.0013 3.41179 14.0966 3.72618 14.2743 3.99447C14.452 4.26276 14.7042 4.47324 15 4.6C15.3016 4.73312 15.6362 4.77282 15.9606 4.714C16.285 4.65519 16.5843 4.50054 16.82 4.27L16.88 4.21C17.0657 4.02405 17.2863 3.87653 17.5291 3.77588C17.7719 3.67523 18.0322 3.62343 18.295 3.62343C18.5578 3.62343 18.8181 3.67523 19.0609 3.77588C19.3037 3.87653 19.5243 4.02405 19.71 4.21C19.896 4.39575 20.0435 4.61632 20.1441 4.85912C20.2448 5.10192 20.2966 5.36217 20.2966 5.625C20.2966 5.88783 20.2448 6.14808 20.1441 6.39088C20.0435 6.63368 19.896 6.85425 19.71 7.04L19.65 7.1C19.4195 7.33568 19.2648 7.63502 19.206 7.95941C19.1472 8.28381 19.1869 8.61838 19.32 8.92V9C19.4468 9.29577 19.6572 9.54802 19.9255 9.72569C20.1938 9.90337 20.5082 9.99872 20.83 10H21C21.5304 10 22.0391 10.2107 22.4142 10.5858C22.7893 10.9609 23 11.4696 23 12C23 12.5304 22.7893 13.0391 22.4142 13.4142C22.0391 13.7893 21.5304 14 21 14H20.91C20.5882 14.0013 20.2738 14.0966 20.0055 14.2743C19.7372 14.452 19.5268 14.7042 19.4 15V15Z\" stroke=\"black\" stroke-width=\"2\" stroke-linecap=\"round\" stroke-linejoin=\"round\"/></mask><g mask=\"url(#mask0_1101_9058)\"><rect width=\"24\" height=\"24\" fill=\"black\"/></g></svg>"
          }
        },
        {
          "type": "add",
          "object": {
            "path": "minus.svg",
            "name": "minus",
            "icon": "minus",
            "description": "",
            "index": "minus",
            "size": 407,
            "data": "<svg width=\"24\" height=\"24\" viewBox=\"0 0 24 24\" fill=\"none\" xmlns=\"http://www.w3.org/2000/svg\"><mask id=\"mask0_1101_9061\" style=\"mask-type:alpha\" maskUnits=\"userSpaceOnUse\" x=\"4\" y=\"11\" width=\"16\" height=\"2\"><path d=\"M5 12H19\" stroke=\"black\" stroke-width=\"2\" stroke-linecap=\"round\" stroke-linejoin=\"round\"/></mask><g mask=\"url(#mask0_1101_9061)\"><rect width=\"24\" height=\"24\" fill=\"black\"/></g></svg>"
          }
        },
        {
          "type": "add",
          "object": {
            "path": "globe.svg",
            "name": "globe",
            "icon": "globe",
            "description": "",
            "index": "globe",
            "size": 860,
            "data": "<svg width=\"24\" height=\"24\" viewBox=\"0 0 24 24\" fill=\"none\" xmlns=\"http://www.w3.org/2000/svg\"><mask id=\"mask0_1101_9070\" style=\"mask-type:alpha\" maskUnits=\"userSpaceOnUse\" x=\"1\" y=\"1\" width=\"22\" height=\"22\"><path d=\"M12 22C17.5228 22 22 17.5228 22 12C22 6.47715 17.5228 2 12 2C6.47715 2 2 6.47715 2 12C2 17.5228 6.47715 22 12 22Z\" stroke=\"black\" stroke-width=\"2\" stroke-linecap=\"round\" stroke-linejoin=\"round\"/><path d=\"M2 12H22\" stroke=\"black\" stroke-width=\"2\" stroke-linecap=\"round\" stroke-linejoin=\"round\"/><path d=\"M12 2C14.5013 4.73835 15.9228 8.29203 16 12C15.9228 15.708 14.5013 19.2616 12 22C9.49872 19.2616 8.07725 15.708 8 12C8.07725 8.29203 9.49872 4.73835 12 2V2Z\" stroke=\"black\" stroke-width=\"2\" stroke-linecap=\"round\" stroke-linejoin=\"round\"/></mask><g mask=\"url(#mask0_1101_9070)\"><rect width=\"24\" height=\"24\" fill=\"black\"/></g></svg>"
          }
        },
        {
          "type": "add",
          "object": {
            "path": "danger.svg",
            "name": "danger",
            "icon": "danger",
            "description": "",
            "index": "danger",
            "size": 1221,
            "data": "<svg width=\"24\" height=\"24\" viewBox=\"0 0 24 24\" fill=\"none\" xmlns=\"http://www.w3.org/2000/svg\"><mask id=\"mask0_1101_9080\" style=\"mask-type:alpha\" maskUnits=\"userSpaceOnUse\" x=\"0\" y=\"1\" width=\"24\" height=\"21\"><path d=\"M10.2898 3.86002L1.81978 18C1.64514 18.3024 1.55274 18.6453 1.55177 18.9945C1.55079 19.3438 1.64127 19.6872 1.8142 19.9905C1.98714 20.2939 2.2365 20.5468 2.53748 20.7239C2.83847 20.901 3.18058 20.9962 3.52978 21H20.4698C20.819 20.9962 21.1611 20.901 21.4621 20.7239C21.7631 20.5468 22.0124 20.2939 22.1854 19.9905C22.3583 19.6872 22.4488 19.3438 22.4478 18.9945C22.4468 18.6453 22.3544 18.3024 22.1798 18L13.7098 3.86002C13.5315 3.56613 13.2805 3.32314 12.981 3.15451C12.6814 2.98587 12.3435 2.89728 11.9998 2.89728C11.656 2.89728 11.3181 2.98587 11.0186 3.15451C10.7191 3.32314 10.468 3.56613 10.2898 3.86002V3.86002Z\" stroke=\"black\" stroke-width=\"2\" stroke-linecap=\"round\" stroke-linejoin=\"round\"/><path d=\"M12 9V13\" stroke=\"black\" stroke-width=\"2\" stroke-linecap=\"round\" stroke-linejoin=\"round\"/><path d=\"M12 17H12.01\" stroke=\"black\" stroke-width=\"2\" stroke-linecap=\"round\" stroke-linejoin=\"round\"/></mask><g mask=\"url(#mask0_1101_9080)\"><rect width=\"24\" height=\"24\" fill=\"black\"/></g></svg>"
          }
        },
        {
          "type": "add",
          "object": {
            "path": "mail.svg",
            "name": "mail",
            "icon": "mail",
            "description": "",
            "index": "mail",
            "size": 597,
            "data": "<svg width=\"24\" height=\"24\" viewBox=\"0 0 24 24\" fill=\"none\" xmlns=\"http://www.w3.org/2000/svg\"><mask id=\"mask0_1101_9084\" style=\"mask-type:alpha\" maskUnits=\"userSpaceOnUse\" x=\"1\" y=\"3\" width=\"22\" height=\"18\"><path d=\"M4 4H20C21.1 4 22 4.9 22 6V18C22 19.1 21.1 20 20 20H4C2.9 20 2 19.1 2 18V6C2 4.9 2.9 4 4 4Z\" stroke=\"black\" stroke-width=\"2\" stroke-linecap=\"round\" stroke-linejoin=\"round\"/><path d=\"M22 6L12 13L2 6\" stroke=\"black\" stroke-width=\"2\" stroke-linecap=\"round\" stroke-linejoin=\"round\"/></mask><g mask=\"url(#mask0_1101_9084)\"><rect width=\"24\" height=\"24\" fill=\"black\"/></g></svg>"
          }
        }
      ],
      "logos": [
        {
          "type": "add",
          "object": {
            "path": "base-horizontal.svg",
            "name": "base-horizontal",
            "icon": "base-horizontal",
            "description": "",
            "index": "base horizontal",
            "size": 2408,
            "data": "<svg width=\"251\" height=\"54\" viewBox=\"0 0 251 54\" fill=\"none\" xmlns=\"http://www.w3.org/2000/svg\"><path d=\"M20.7613 14.8372C16.0847 14.8372 12.5418 16.5264 10.6287 19.1306V1.74578H0V51.0146H10.6287V31.7998C10.6287 26.8025 13.3213 24.5502 17.2185 24.5502C20.6196 24.5502 23.3831 26.5914 23.3831 30.9552V51.0146H34.0118V29.4067C34.0118 19.9049 27.918 14.8372 20.7613 14.8372Z\" fill=\"#3A3535\"/><path d=\"M67.0321 15.8226V19.1306C64.6937 16.4561 61.2217 14.8372 56.4742 14.8372C47.1919 14.8372 39.5392 22.9314 39.5392 33.4186C39.5392 43.9058 47.1919 52 56.4742 52C61.2217 52 64.6937 50.3812 67.0321 47.7066V51.0146H77.6607V15.8226H67.0321ZM58.6 42.0055C53.7108 42.0055 50.1679 38.6974 50.1679 33.4186C50.1679 28.1398 53.7108 24.8318 58.6 24.8318C63.4892 24.8318 67.0321 28.1398 67.0321 33.4186C67.0321 38.6974 63.4892 42.0055 58.6 42.0055Z\" fill=\"#3A3535\"/><path d=\"M106.22 14.8372C101.543 14.8372 98.0003 16.5264 96.0871 19.1306V15.8226H85.4584V51.0146H96.0871V31.7998C96.0871 26.8025 98.7797 24.5502 102.677 24.5502C106.078 24.5502 108.841 26.5914 108.841 30.9552V51.0146H119.47V29.4067C119.47 19.9049 113.376 14.8372 106.22 14.8372Z\" fill=\"#3A3535\"/><path d=\"M152.49 1.74578V19.1306C150.152 16.4561 146.68 14.8372 141.933 14.8372C132.65 14.8372 124.998 22.9314 124.998 33.4186C124.998 43.9058 132.65 52 141.933 52C146.68 52 150.152 50.3812 152.49 47.7066V51.0146H163.119V1.74578H152.49ZM144.058 42.0055C139.169 42.0055 135.626 38.6974 135.626 33.4186C135.626 28.1398 139.169 24.8318 144.058 24.8318C148.948 24.8318 152.49 28.1398 152.49 33.4186C152.49 38.6974 148.948 42.0055 144.058 42.0055Z\" fill=\"#3A3535\"/><path d=\"M187.923 52C198.339 52 206.7 43.9058 206.7 33.4186C206.7 22.9314 198.339 14.8372 187.923 14.8372C177.507 14.8372 169.145 22.9314 169.145 33.4186C169.145 43.9058 177.507 52 187.923 52ZM187.923 41.7239C183.317 41.7239 179.774 38.4159 179.774 33.4186C179.774 28.4213 183.317 25.1133 187.923 25.1133C192.528 25.1133 196.071 28.4213 196.071 33.4186C196.071 38.4159 192.528 41.7239 187.923 41.7239Z\" fill=\"#3A3535\"/><path d=\"M251 10.1919V0.0565666C239.238 -0.647273 233.782 5.26499 233.782 15.1188V15.8226H224.57C224.57 11.7403 227.192 10.5438 231.16 10.8957V0.760406C219.397 0.0565666 213.941 5.96883 213.941 15.8226H209.194V25.9579H213.941V51.0146H224.57V25.9579H233.782V51.0146H244.41V25.9579H251V15.8226H244.41V15.1188C244.41 11.0365 247.032 9.83995 251 10.1919Z\" fill=\"#3A3535\"/></svg>"
          }
        },
        {
          "type": "add",
          "object": {
            "path": "base-horizontal-invert.svg",
            "name": "base-horizontal-invert",
            "icon": "base-horizontal-invert",
            "description": "",
            "index": "base horizontal invert",
            "size": 2396,
            "data": "<svg width=\"251\" height=\"54\" viewBox=\"0 0 251 54\" fill=\"none\" xmlns=\"http://www.w3.org/2000/svg\"><path d=\"M20.7613 14.8372C16.0847 14.8372 12.5418 16.5264 10.6287 19.1306V1.74578H0V51.0146H10.6287V31.7998C10.6287 26.8025 13.3213 24.5502 17.2185 24.5502C20.6196 24.5502 23.3831 26.5914 23.3831 30.9552V51.0146H34.0118V29.4067C34.0118 19.9049 27.918 14.8372 20.7613 14.8372Z\" fill=\"white\"/><path d=\"M67.0321 15.8226V19.1306C64.6937 16.4561 61.2217 14.8372 56.4742 14.8372C47.1919 14.8372 39.5392 22.9314 39.5392 33.4186C39.5392 43.9058 47.1919 52 56.4742 52C61.2217 52 64.6937 50.3812 67.0321 47.7066V51.0146H77.6607V15.8226H67.0321ZM58.6 42.0055C53.7108 42.0055 50.1679 38.6974 50.1679 33.4186C50.1679 28.1398 53.7108 24.8318 58.6 24.8318C63.4892 24.8318 67.0321 28.1398 67.0321 33.4186C67.0321 38.6974 63.4892 42.0055 58.6 42.0055Z\" fill=\"white\"/><path d=\"M106.22 14.8372C101.543 14.8372 98.0003 16.5264 96.0871 19.1306V15.8226H85.4584V51.0146H96.0871V31.7998C96.0871 26.8025 98.7797 24.5502 102.677 24.5502C106.078 24.5502 108.841 26.5914 108.841 30.9552V51.0146H119.47V29.4067C119.47 19.9049 113.376 14.8372 106.22 14.8372Z\" fill=\"white\"/><path d=\"M152.49 1.74578V19.1306C150.152 16.4561 146.68 14.8372 141.933 14.8372C132.65 14.8372 124.998 22.9314 124.998 33.4186C124.998 43.9058 132.65 52 141.933 52C146.68 52 150.152 50.3812 152.49 47.7066V51.0146H163.119V1.74578H152.49ZM144.058 42.0055C139.169 42.0055 135.626 38.6974 135.626 33.4186C135.626 28.1398 139.169 24.8318 144.058 24.8318C148.948 24.8318 152.49 28.1398 152.49 33.4186C152.49 38.6974 148.948 42.0055 144.058 42.0055Z\" fill=\"white\"/><path d=\"M187.923 52C198.339 52 206.7 43.9058 206.7 33.4186C206.7 22.9314 198.339 14.8372 187.923 14.8372C177.507 14.8372 169.145 22.9314 169.145 33.4186C169.145 43.9058 177.507 52 187.923 52ZM187.923 41.7239C183.317 41.7239 179.774 38.4159 179.774 33.4186C179.774 28.4213 183.317 25.1133 187.923 25.1133C192.528 25.1133 196.071 28.4213 196.071 33.4186C196.071 38.4159 192.528 41.7239 187.923 41.7239Z\" fill=\"white\"/><path d=\"M251 10.1919V0.0565666C239.238 -0.647273 233.782 5.26499 233.782 15.1188V15.8226H224.57C224.57 11.7403 227.192 10.5438 231.16 10.8957V0.760406C219.397 0.0565666 213.941 5.96883 213.941 15.8226H209.194V25.9579H213.941V51.0146H224.57V25.9579H233.782V51.0146H244.41V25.9579H251V15.8226H244.41V15.1188C244.41 11.0365 247.032 9.83995 251 10.1919Z\" fill=\"white\"/></svg>"
          }
        }
      ]
    }
  }
]
